first_name,gender,geo.code
Margaret,F,AUS
Susan,F,AUS
Marielos,F,BOL
Marielos,F,BOL
Marisol,F,BOL
Marta,F,BRA
Rita,F,BRA
Patricia,F,BRA
Lúcia,F,BRA
Lúcia,F,BRA
Sophie,F,CAN
Deborah,F,CRI
Adelaida,F,CRI
Deborah,F,CRI
Pamela,F,DNK
Suzanne,F,USA
Susanne,F,DEU
Elizabeth,F,DEU
Pia,F,DEU
Nina,F,DEU
Bettina,F,DEU
Priya,F,IND
Priya,F,IND
Laura,F,MEX
Guadelupe,F,MEX
Julieta,F,MEX
Ellen,F,MEX
Tuyeni,F,MEX
Karina,F,MEX
Ellen,F,MEX
Reina,F,PAN
Linda,F,PRI
Carla,F,PRI
Michelle,F,GBR
Robin,F,USA
Lucinda,F,USA
Mercedes,F,USA
Nalini,F,USA
Carol,F,USA
Bette,F,USA
Diane,F,USA
Diana,F,USA
Jan,F,USA
Susan,F,USA
Kaoru,F,USA
Beth,F,USA
Claudia,F,USA
Maria,F,USA
Jennifer,F,USA
Lisa,F,USA
Saara,F,USA
Robin,F,USA
Julie,F,USA
Julie,F,USA
Lucinda,F,USA
Robin,F,USA
Nalini,F,USA
Elizabeth,F,USA
Elsa,F,USA
Meg,F,USA
Meg,F,USA
Kaoru,F,USA
Elizabeth,F,USA
Marilyn,F,USA
Susan,F,AUS
Lucia,F,BRA
Kaoru,F,JPN
Julieta,F,MEX
Marielos,F,NLD
Robin,F,USA
Patricia,F,USA
Abraham,M,ARG
William,M,AUS
Harold,M,AUS
Frank,M,AUS
Duncan,M,AUS
Nigel,M,AUS
Stephen,M,AUS
Nigel,M,AUS
Jose,M,BRA
Paulo,M,BRA
Roberto,M,BRA
G.,M,BRA
Heraldo,M,BRA
José,M,BRA
Paulo,M,BRA
Arturo,M,CAN
John,M,CRI
Jorge,M,CRI
J.,M,CRI
Gary,M,CRI
Vojtech,M,CZE
David,M,ECU
Pierre-Michel,M,FRA
Pierre-Michel,M,FRA
Pierre-Michel,M,FRA
Christopher,M,GUF
Harald,M,DEU
Uma,M,IND
Campbell,M,IDN
David,M,KEN
James,M,KEN
Ahimsa,M,MYS
Ariel,M,MEX
Rodolfo,M,MEX
Victor,M,MEX
Eduardo,M,MEX
Miguel,M,MEX
Diego,M,MEX
Jose,M,MEX
Ariel,M,MEX
Rodolfo,M,MEX
Miguel,M,MEX
S.,M,PAN
William,M,PAN
S.,M,PAN
William,M,PAN
Robert,M,PRI
Jess,M,PRI
John,M,TTO
Richard,M,SGP
Navjot,M,SGP
Richard,M,SGP
Jaboury,M,CHE
Lourens,M,NLD
Frans,M,NLD
Pieter,M,NLD
Frans,M,NLD
Paul,M,GBR
W.,M,GBR
Simon,M,GBR
Yadvinder,M,GBR
Jay,M,USA
Carl,M,USA
John,M,USA
Jay,M,USA
Emilio,M,USA
Joel,M,USA
Bassett,M,USA
A.,M,USA
Richard,M,USA
William,M,USA
F.,M,USA
Kamaljit,M,USA
Julian,M,USA
Theodore,M,USA
Warren,M,USA
Alwyn,M,USA
W.,M,USA
David,M,USA
Francis,M,USA
Enrique,M,USA
James,M,USA
José,M,USA
Emilio,M,USA
Christopher,M,USA
William,M,USA
Stefan,M,USA
Norbert,M,USA
Kyle,M,USA
William,M,USA
Michael,M,USA
E.,M,USA
Robert,M,USA
Thomas,M,USA
Edward,M,USA
Dieter,M,USA
Paul,M,USA
W.,M,USA
Norman,M,USA
Basset,M,USA
A.,M,USA
Dieter,M,USA
John,M,USA
Don,M,USA
W.,M,USA
Francis,M,USA
Kamaljit,M,USA
Theodore,M,USA
Richard,M,USA
Thomas,M,USA
Rakan,M,USA
Howard,M,USA
Clifford,M,USA
Laurence,M,USA
Tobias,M,VEN
Otto,M,VEN
Robert,M,VEN
Tobias,M,VEN
Ahimsa,M,MYS
Jaboury,M,CHE
Yadvinder,M,GBR
Emilio,M,USA
Jin,M,CHN
Min,M,CHN
Qing-Jun,M,CHN
J.,M,GBR
Madhav,F,IND
Renee,F,IND
Gong,F,MYS
D.,M,PHL
Tetsuo,M,USA
W.,M,USA
W.,M,USA